{
  "project_info": {
    "project_number": "213223959566",
    "project_id": "rnfirebase-416da",
    "storage_bucket": "rnfirebase-416da.appspot.com"
  },
  "client": [
    {
      "client_info": {
        "mobilesdk_app_id": "1:213223959566:android:44f1f81f5942c327e4e05f",
        "android_client_info": {
          "package_name": "com.firstapp"
        }
      },
      "oauth_client": [
        {
          "client_id": "213223959566-i86q3hs9btf9n95c7oe7o4d120dt8o22.apps.googleusercontent.com",
          "client_type": 3
        }
      ],
      "api_key": [
        {
          "current_key": "AIzaSyAFH6FM9yzjsUhVDbxJACMIubr4ChzE8zw"
        }
      ],
      "services": {
        "appinvite_service": {
          "other_platform_oauth_client": [
            {
              "client_id": "213223959566-i86q3hs9btf9n95c7oe7o4d120dt8o22.apps.googleusercontent.com",
              "client_type": 3
            }
          ]
        }
      }
    }
  ],
  "configuration_version": "1"
}