{
  "users": [
    {
      "id": 1,
      "email": "admin@gmail.com",
      "password": "admin@123",
      "fullname": "Venkatesh Mogili",
      "shipping_addresses": [
        {
          "name": "Venkatesh Mogili",
          "address": "123 Chandram Palem",
          "city": "Kakinada",
          "state": "Andhra Pradesh",
          "country": "India - 533450.",
          "default_address": "No"
        },
        {
          "name": "Venkatesh M",
          "address": "123 Samalkot",
          "city": "Kakinada",
          "state": "Andhra Pradesh",
          "country": "India - 533450.",
          "default_address": "No"
        },
        {
          "name": "Venkatesh Mogili",
          "address": "sample address",
          "city": "Kakinada",
          "state": "Andhra Pradesh",
          "country": "India 533450",
          "default_address": "Yes"
        }
      ],
      "payment_methods": [
        {
          "card_type": "MasterCard",
          "card_holder_name": "Venkatesh Mogili",
          "card_number": "123456789012345",
          "expire_date": "08/2024",
          "cvc": 123,
          "default_payment": "No"
        },
        {
          "card_type": "Visa",
          "card_holder_name": "Venkatesh",
          "card_number": "23987439284",
          "expire_date": "08/2024",
          "default_payment": "Yes",
          "cvc": "123"
        }
      ]
    },
    {
      "id": 2,
      "email": "user1@gmail.com",
      "password": "user@123",
      "fullname": "Vivek Mogili",
      "shipping_addresses": [],
      "payment_methods": []
    },
    {
      "id": 3,
      "email": "user2@gmail.com",
      "password": "user@123",
      "fullname": "Chinni Rayudu",
      "shipping_addresses": [],
      "payment_methods": []
    },
    {
      "id": 4,
      "email": "test@gmail.com",
      "password": "test@123",
      "fullname": "Test User",
      "shipping_addresses": [],
      "payment_methods": []
    },
    {
      "email": "test3@gmail.com",
      "fullname": "Test User",
      "password": "test@123",
      "payment_methods": [],
      "shipping_addresses": [],
      "id": 7
    },
    {
      "fullname": "Test User",
      "email": "testuser@gmail.com",
      "password": "test@123",
      "shipping_addresses": [],
      "payment_methods": [],
      "id": 13
    }
  ],
  "products": [
    {
      "id": 1,
      "productImages": [
        "Product1.png",
        "Product1.png",
        "Product1.png"
      ],
      "productName": "Apple Watch",
      "productVersion": "Series 5 SE",
      "productPrice": 529.99,
      "productDescription": "Lorem ipsum dolor sit amet, consectetur adipiscing elit. Quis pellentesque tellus imperdiet mattis. Proin in quis ipsum non amet imperdiet. Dignissim nisi leo a at. Sit nec lacus, nunc volutpat, tincidunt lorem mi duis. Vitae elementum libero.",
      "stock": 10,
      "rating": 4.5,
      "ratingTotal": 5
    },
    {
      "id": 2,
      "productImages": [
        "Product2.png",
        "Product2.png",
        "Product2.png"
      ],
      "productName": "Sony ZX330BT",
      "productVersion": "Light Grey",
      "productPrice": 39.99,
      "productDescription": "Lorem ipsum dolor sit amet, consectetur adipiscing elit. Quis pellentesque tellus imperdiet mattis. Proin in quis ipsum non amet imperdiet. Dignissim nisi leo a at. Sit nec lacus, nunc volutpat, tincidunt lorem mi duis. Vitae elementum libero.",
      "stock": 100,
      "rating": 4,
      "ratingTotal": 5
    },
    {
      "id": 3,
      "productImages": [
        "Product3.png",
        "Product3.png",
        "Product3.png"
      ],
      "productName": "Iphone 11",
      "productVersion": "Serious Black",
      "productPrice": 619.99,
      "productDescription": "Lorem ipsum dolor sit amet, consectetur adipiscing elit. Quis pellentesque tellus imperdiet mattis. Proin in quis ipsum non amet imperdiet. Dignissim nisi leo a at. Sit nec lacus, nunc volutpat, tincidunt lorem mi duis. Vitae elementum libero.",
      "stock": 150,
      "rating": 3.5,
      "ratingTotal": 5
    },
    {
      "id": 4,
      "productImages": [
        "Product4.png",
        "Product4.png",
        "Product4.png"
      ],
      "productName": "Iphone 11",
      "productVersion": "Subway Blue",
      "productPrice": 619.99,
      "productDescription": "Lorem ipsum dolor sit amet, consectetur adipiscing elit. Quis pellentesque tellus imperdiet mattis. Proin in quis ipsum non amet imperdiet. Dignissim nisi leo a at. Sit nec lacus, nunc volutpat, tincidunt lorem mi duis. Vitae elementum libero.",
      "stock": 200,
      "rating": 2.5,
      "ratingTotal": 5
    },
    {
      "id": 5,
      "productImages": [
        "Product5.png",
        "Product5.png",
        "Product5.png"
      ],
      "productName": "Macbook Pro 16",
      "productVersion": "Silver - M1 Pro",
      "productPrice": 3249.99,
      "productDescription": "Lorem ipsum dolor sit amet, consectetur adipiscing elit. Quis pellentesque tellus imperdiet mattis. Proin in quis ipsum non amet imperdiet. Dignissim nisi leo a at. Sit nec lacus, nunc volutpat, tincidunt lorem mi duis. Vitae elementum libero.",
      "stock": 250,
      "rating": 4.5,
      "ratingTotal": 5
    },
    {
      "id": 6,
      "productImages": [
        "Product6.png",
        "Product6.png",
        "Product6.png"
      ],
      "productName": "Iphone 11",
      "productVersion": "Product RED",
      "productPrice": 619.99,
      "productDescription": "Lorem ipsum dolor sit amet, consectetur adipiscing elit. Quis pellentesque tellus imperdiet mattis. Proin in quis ipsum non amet imperdiet. Dignissim nisi leo a at. Sit nec lacus, nunc volutpat, tincidunt lorem mi duis. Vitae elementum libero.",
      "stock": 5,
      "rating": 2.5,
      "ratingTotal": 5
    },
    {
      "id": 7,
      "productImages": [
        "Product7.png",
        "Product7.png",
        "Product7.png"
      ],
      "productName": "Iphone 11",
      "productVersion": "Milky White",
      "productPrice": 619.99,
      "productDescription": "Lorem ipsum dolor sit amet, consectetur adipiscing elit. Quis pellentesque tellus imperdiet mattis. Proin in quis ipsum non amet imperdiet. Dignissim nisi leo a at. Sit nec lacus, nunc volutpat, tincidunt lorem mi duis. Vitae elementum libero.",
      "stock": 10,
      "rating": 5,
      "ratingTotal": 5
    }
  ],
  "cart": [
    {
      "id": 1,
      "productId": 1,
      "quantity": 10
    },
    {
      "id": 2,
      "productId": 2,
      "quantity": 10
    },
    {
      "id": 3,
      "productId": 3,
      "quantity": 10
    },
    {
      "id": 4,
      "productId": 4,
      "quantity": 10
    }
  ],
  "orders": [
    {
      "id": 1,
      "orderId": "ORDER_12345",
      "orderTotal": 6609.78,
      "items": [],
      "tax": 0
    },
    {
      "id": 2,
      "orderId": "ORDER_992313",
      "orderTotal": 569.98,
      "items": [
        {
          "id": 1,
          "productImages": [
            "Product1.png",
            "Product1.png",
            "Product1.png"
          ],
          "productName": "Apple Watch",
          "productVersion": "Series 5 SE",
          "productPrice": 529.99,
          "productDescription": "Lorem ipsum dolor sit amet, consectetur adipiscing elit. Quis pellentesque tellus imperdiet mattis. Proin in quis ipsum non amet imperdiet. Dignissim nisi leo a at. Sit nec lacus, nunc volutpat, tincidunt lorem mi duis. Vitae elementum libero.",
          "stock": 10,
          "rating": 4.5,
          "ratingTotal": 5,
          "quantity": 1
        },
        {
          "id": 2,
          "productImages": [
            "Product2.png",
            "Product2.png",
            "Product2.png"
          ],
          "productName": "Sony ZX330BT",
          "productVersion": "Light Grey",
          "productPrice": 39.99,
          "productDescription": "Lorem ipsum dolor sit amet, consectetur adipiscing elit. Quis pellentesque tellus imperdiet mattis. Proin in quis ipsum non amet imperdiet. Dignissim nisi leo a at. Sit nec lacus, nunc volutpat, tincidunt lorem mi duis. Vitae elementum libero.",
          "stock": 100,
          "rating": 4,
          "ratingTotal": 5,
          "quantity": 1
        }
      ],
      "tax": 0
    }
  ]
}